res1,res2
48.2379816,
48.80866974,
51.91505075,
52.30296916,
64.91871809,
53.84103067,
60.82972001,
56.00252885,
55.6436307,
52.17649962,
58.56689315,
65.50153171,
57.96943676,
67.81804459,
63.57451246,
55.33811661,
53.56490943,
57.85460017,
41.0617599,
67.24976239,
60.18694932,
53.56198833,
50.63294123,
64.25837121,
55.14517332,
57.86486103,
51.78180983,
60.63097866,
61.78455321,
65.38631051,
53.64729431,
53.85267835,
67.42033839,
53.7581901,
62.90374405,
53.62906977,
54.256024,
69.95327276,
63.09097398,
61.67308289,
61.601779,
53.37770347,
64.10191359,
55.22768682,
63.6820508,
64.46337418,
58.35129409,
69.50997578,
63.75365826,
46.04390368,
50.40882045,
58.08996566,
58.76129674,
60.02858572,
64.53802023,
66.05062929,
47.56888341,
52.87574075,
58.70311712,
67.62182342,
46.55183963,
53.38547973,
65.11162188,
51.64667475,
58.7692529,
56.90046603,
54.38890812,
63.21220569,
58.38647253,
52.31184125,
64.47942784,
53.91854111,
60.35557819,
64.5561652,
60.87568057,
58.82873562,
64.54504038,
65.12128843,
64.79450873,
64.59252112,
60.68174732,
68.86298171,
63.02802714,
59.77466899,
56.33305617,
48.695669,
60.56805816,
61.25432064,
56.66508505,
65.18910969,
60.4927231,
57.51491898,
53.78635717,
66.57791893,
60.01906757,
59.7939457,
59.03513275,
52.73877823,
59.79874937,
54.78233067,
46.78018018,
59.83470665,
61.0355109,
57.26162353,
57.71567416,
70.15781511,
51.19797484,
63.60773885,
56.55697996,
62.31188844,
53.51457849,
62.13467615,
56.59784901,
54.91955985,
67.65885103,
52.58761158,
61.50625839,
60.69616581,
52.95321129,
43.1061975,
57.43491968,
54.89240112,
64.33271952,
64.67420061,
71.51233577,
58.48515625,
65.98607093,
58.16605407,
60.72810742,
54.84930296,
62.77585909,
62.59300147,
55.43812589,
61.16892878,
66.27276131,
58.2766921,
58.83117498,
62.51373792,
55.83893699,
56.91881973,
57.21919043,
45.80933147,
53.44426888,
58.83616187,
59.09244956,
61.29981207,
53.17534878,
56.43951643,
66.48023599,
55.57871645,
67.2379591,
51.63285031,
57.66117818,
56.21096295,
46.65970796,
62.07627376,
59.8635156,
65.92119522,
58.4568411,
46.88562594,
62.49931254,
77.35155129,
66.20521375,
75.07669251,
61.20821597,
59.57151513,
58.46673038,
62.53606135,
54.91980444,
49.06059058,
54.05621441,
61.036983,
65.61147535,
54.88396642,
62.80236772,
58.90574085,
63.89831738,
57.62151242,
58.70071676,
55.31673312,
67.91856454,
67.17772277,
53.51655312,
55.86644651,
67.14350349,
59.15868447,
57.19154967,
62.71179195,
51.36333502,
60.20059208,
62.34370264,
49.66653928,
63.70109367,
64.07024306,
55.4985273,
53.68513944,
54.5956928,
69.90124925,
52.52562934,
61.24426681,
66.07748285,
55.01300915,
51.84996005,
55.62520873,
74.45905467,
62.54245474,
49.88940683,
54.38011516,
62.51647747,
61.14210881,
55.06555865,
64.78987892,
57.31149194,
58.07286068,
64.24260613,
53.9339835,
68.19801139,
57.24180628,
61.72197914,
78.64595967,
56.64802196,
54.75834807,
63.30166484,
61.71213308,
60.33398276,
60.25908364,
59.23024285,
60.81746981,
56.31873637,
54.02948716,
71.57868239,
61.7270552,
63.94588164,
53.39798841,
59.63072657,
60.64403734,
57.3014786,
57.24645342,
65.2609566,
63.22264768,
63.80183876,
60.04555518,
66.17208328,
55.76457596,
63.65375032,
48.28003696,
65.86297127,
61.24878138,
70.79867172,
57.32523566,
49.32017569,
51.45044425,
59.90883942,
56.53981117,
61.68200001,
62.73209825,
65.69529929,
69.21826448,
59.69978269,
51.57159533,
53.21933143,
56.88084653,
52.742831,
61.57723937,
58.10666091,
52.12949053,
55.03805268,
68.07519958,
70.00866903,
63.69957435,
65.20040734,
52.73169173,
60.75294801,
55.36593853,
57.53886237,
56.03748257,
58.40682477,
64.70784626,
62.55609004,
62.73963902,
62.76518478,
59.16402265,
59.38075138,
58.45037478,
63.88545749,
58.28700138,
56.25196366,
65.35916987,
58.75542209,
42.69856371,
63.41930417,
56.3855344,
50.98466471,
70.05564723,
66.48664378,
54.97116615,
54.92452245,
59.47106263,
55.50434858,
53.46160885,
48.22500105,
54.53088227,
61.62053394,
65.78136294,
59.14462617,
56.29695484,
58.05235761,
49.26691888,
57.65007822,
61.6077013,
64.86308781,
62.50876566,
54.18348212,
57.09797139,
53.1371975,
59.2833795,
53.10174559,
56.4283083,
68.24859854,
56.10410116,
64.45616945,
54.04608969,
53.21803579,
60.68277402,
72.80761374,
63.43873848,
51.22782385,
53.99194363,
64.19554727,
65.62000833,
55.26012874,
56.26469552,
50.49108728,
53.49393971,
67.78395188,
54.51984639,
53.38145768,
49.46175939,
49.12334375,
55.75177579,
59.64599995,
58.08584136,
59.20742408,
61.68654753,
69.76323829,
67.10094927,
57.33836695,
49.71636488,
59.5032868,
64.5329163,
59.85722885,
60.3216515,
60.99448521,
67.33498525,
55.94930965,
69.3867661,
51.86589553,
67.04471428,
60.73621034,
64.07105813,
57.13496969,
51.44200657,
46.38971092,
64.77797259,
65.35587681,
60.26430648,
56.1335931,
61.727127,
61.9253913,
54.62535971,
52.95439929,
56.77320997,
48.43452258,
54.17646614,
62.05492875,
67.29726721,
52.59177602,
56.7372271,
46.07325556,
59.53223217,
51.1808769,
60.46468627,
47.83030771,
54.6680267,
67.21124834,
57.08461474,
61.66866495,
62.13172693,
59.34353282,
56.92974539,
49.46154248,
57.62635143,
63.31263285,
71.18253618,
61.30831621,
51.40491655,
59.8043972,
67.32591704,
57.00436983,
55.801961,
63.44708399,
63.35796176,
64.52508214,
63.64813159,
56.77723651,
53.32315841,
59.60696619,
71.22692672,
65.61205561,
52.59468464,
64.48967047,
53.75852059,
63.73335509,
60.18346406,
55.45478633,
56.90798694,
59.6769916,
84.94460979,
62.2086769,
53.01915002,
56.77954181,
59.64853994,
59.77933712,
59.101396,
59.57699483,
48.85527824,
62.05999749,
54.93107722,
54.79061318,
59.66487616,
67.50490255,
62.336745,
57.84117648,
53.2388551,
61.37811578,
47.20602697,
50.85634996,
60.16598529,
59.39973029,
58.46342953,
51.52709796,
59.98266014,
48.99145878,
51.88920503,
53.63623091,
63.8211066,
60.64210069,
52.23502603,
64.6760509,
58.52940904,
54.15161358,
51.28007391,
55.38600802,
57.72539753,
59.78617927,
64.67988619,
56.70901613,
58.96096674,
61.93615754,
52.31567634,
64.19816423,
52.89787807,
58.46327012,
60.51684589,
64.74567246,
55.85672975,
58.13508804,
56.35141753,
67.49768357,
54.11627603,
63.10311435,
55.08648702,
56.02163279,
56.52476122,
63.75254573,
66.42995535,
55.62315174,
60.49025082,
48.30301493,
58.42555117,
61.70128094,
61.75408394,
59.88159765,
56.10555311,
60.78814031,
69.50981831,
57.89593066,
57.88344716,
64.56850276,
74.90389918,
60.8978295,
57.76622282,
59.62362764,
59.29064895,
63.92317997,
56.46152893,
60.65245981,
57.98735278,
51.50972966,
56.33738193,
58.00519665,
61.47026039,
56.17064386,
71.37846571,
63.78540674,
47.39371522,
54.05235974,
53.97275345,
59.37702226,
56.07260559,
60.06001546,
60.62511819,
68.07863576,
51.60639723,
60.56305973,
59.35679232,
58.05626822,
60.5015149,
67.70605381,
59.27394321,
63.85104752,
62.18543504,
51.09326017,
73.39889964,
54.42268619,
58.16509248,
66.40328919,
53.76290887,
62.21613851,
64.49238153,
56.31166291,
58.11838265,
63.79357607,
55.79793791,
53.75663568,
64.4618721,
58.40611054,
51.83004725,
52.17795582,
61.65821869,
58.11385485,
57.55445983,
57.752651,
63.54683088,
57.98492779,
62.21189762,
60.98107619,
63.70148705,
51.93074616,
52.63222134,
52.19612996,
56.25780642,
60.2701107,
64.92414485,
60.94942121,
70.65992496,
44.78774062,
53.51721975,
63.67692115,
55.02034564,
62.21857959,
53.2824206,
61.59512602,
55.96368025,
51.15988381,
59.1378554,
52.84934265,
56.53836178,
60.37459237,
57.26650454,
51.43977835,
57.7113004,
51.54702041,
52.94796104,
67.19987089,
46.17934955,
56.0701,
59.44608456,
61.45256002,
56.1579963,
70.72067851,
54.29319922,
57.10690239,
57.97992709,
51.12361805,
62.88316077,
62.76116687,
63.08035513,
57.68428596,
63.52880175,
60.67096463,
60.58274862,
70.12915491,
82.01560045,
61.96920386,
52.10444883,
57.65926814,
45.25659029,
55.49106184,
64.54310444,
61.25209771,
61.63982538,
59.65811192,
56.42309265,
71.44543024,
60.04344199,
69.77144029,
53.07323253,
49.37321485,
59.21825345,
48.0206007,
45.55677819,
50.26506704,
56.67415504,
69.64433229,
60.30658483,
57.51520527,
57.11777163,
53.09549735,
52.41306449,
59.98497138,
59.29356401,
55.92440893,
60.52118549,
57.11156885,
57.99371717,
51.40365843,
58.62310817,
59.56666703,
71.98104686,
60.8407399,
60.30435024,
62.94223078,
53.98597026,
44.85883275,
57.32397064,
56.26802864,
56.75127952,
54.81165397,
50.72961583,
52.13331731,
61.16521143,
71.80485213,
69.85285601,
51.87607585,
64.06378694,
63.45091389,
64.40447018,
51.99871606,
71.15457726,
54.30478504,
61.05981613,
55.93469198,
62.26665721,
60.48044013,
48.51261038,
56.69361058,
60.75795374,
56.5621886,
63.28030651,
64.46827526,
61.95571924,
62.72628828,
48.96491543,
67.54850824,
58.904913,
62.67045239,
72.51773635,
68.2995176,
57.37881302,
60.7218798,
58.63828074,
63.49278188,
54.83893276,
59.95622692,
57.58136523,
57.34577314,
56.38942187,
57.31906796,
54.05006144,
59.56516439,
63.61850315,
56.58992102,
60.20296727,
49.84085425,
60.18427461,
57.08748015,
70.05615275,
63.64521683,
57.96942103,
64.11692495,
64.34142441,
62.41068939,
64.18209355,
67.81761294,
57.28995169,
59.11833004,
57.72080459,
66.38049104,
69.24109731,
65.00165365,
58.95489171,
59.66659619,
65.79349816,
63.14714508,
62.51177629,
45.5868799,
53.28085933,
64.51557425,
68.30136879,
41.66996721,
60.57349555,
55.42614784,
55.45445634,
52.30252978,
54.87545597,
56.01054047,
65.35636485,
58.60189916,
64.10087717,
57.76448076,
65.81002836,
58.85233181,
55.26084798,
55.56808526,
60.85431016,
60.92676972,
50.67801089,
64.93768946,
55.05180437,
57.3046072,
63.48492987,
59.35696534,
51.60092619,
69.70917517,
64.93216186,
61.26196398,
49.30744506,
64.90343347,
54.06427427,
65.63875023,
54.61289411,
58.52356828,
53.60392322,
61.51060079,
58.00934069,
61.98329692,
58.20822239,
62.94319066,
60.34551152,
59.4323989,
64.58334715,
53.00184025,
46.02044522,
59.74435024,
70.02160245,
68.71991663,
65.2532364,
61.03609545,
77.56990357,
58.15086704,
63.83783983,
52.20954632,
61.30276985,
56.07527018,
62.01620242,
58.04837374,
46.35747472,
61.27961202,
51.84058761,
38.19929709,
59.13436095,
48.92241181,
61.91430219,
49.8215065,
56.21749252,
58.57347854,
57.57991531,
65.07770108,
68.88909892,
64.46102817,
60.22137184,
66.9395141,
61.42552222,
61.07997283,
64.38451524,
59.61837941,
59.47806867,
51.12651587,
60.32541033,
60.37689089,
61.81212851,
55.39811667,
53.16039999,
64.11943048,
64.20061438,
57.93041148,
65.13784111,
71.67740368,
63.81224782,
41.67616655,
58.16138709,
62.03542071,
55.93653069,
64.02892734,
57.30400819,
60.62520947,
66.54254578,
59.56778696,
58.3611492,
58.06177887,
50.36209498,
67.13055267,
59.7705663,
71.92590986,
57.09705712,
64.38897776,
65.76766223,
67.86637431,
73.13430362,
65.68386922,
59.89582314,
57.9795796,
57.94480151,
54.18606628,
61.81163646,
52.60037642,
58.35187031,
56.98352272,
63.52491946,
49.02707103,
55.71762035,
60.68260644,
58.53262595,
69.59315564,
52.20783321,
63.82692084,
56.78426847,
63.38675114,
61.18042777,
57.54497003,
61.79676718,
60.20589787,
62.8798905,
58.72504481,
59.45523696,
58.89652169,
60.73410536,
61.25823888,
58.84797182,
59.93323293,
52.56821192,
49.89395402,
59.18375824,
58.75359995,
62.28441657,
69.09991887,
67.36733506,
47.39123026,
57.25726292,
60.74076655,
70.70490841,
64.12052525,
56.71669542,
68.60677055,
57.56381426,
56.1143386,
72.81721237,
54.937294,
63.6941015,
55.30164955,
58.70294727,
59.31600034,
59.77824398,
68.99512236,
69.41520324,
57.21607682,
53.26901922,
58.63845017,
58.05373471,
61.59508667,
65.16713025,
58.60896671,
61.8782452,
57.55085578,
57.35553426,
55.4722685,
59.48935869,
63.89790616,
61.10179382,
56.4775589,
80.51780675,
57.74691166,
70.99313479,
67.56734741,
59.56862,
58.04865749,
51.94376212,
52.45468982,
54.10092189,
60.8988027,
54.2532766,
59.96074299,
57.98155412,
51.66019304,
62.67956741,
63.31529434,
71.8587902,
52.75514847,
75.83310219,
66.22037352,
78.22038261,
54.1434149,
62.73663287,
66.18475585,
59.32008185,
70.36846518,
61.85402543,
58.43934746,
65.6585769,
51.25193738,
66.12193534,
49.17941958,
51.61906724,
59.90638891,
60.102015,
52.5786202,
61.29578843,
59.19992042,
53.42440244,
56.62164174,
62.05713557,
57.48735968,
67.0355521,
64.61801516,
65.15145059,
71.21762298,
58.94805683,
56.47049323,
64.52542535,
50.2272725,
56.71281654,
63.48406181,
62.80043109,
64.19100525,
61.90788648,
57.90796965,
62.2827639,
58.37202718,
53.91734623,
64.45954573,
60.42787665,
58.82214923,
57.74226394,
68.84018125,
59.20639281,
52.08553371,
57.56343876,
49.66056666,
65.76790124,
63.71066856,
58.53824421,
51.13528132,
56.93860632,
54.80952351,
58.92388189,
56.20074819,
67.0265452,
61.25185299,
63.92653019,
62.41166783,
73.15910002,
49.18186998,
50.84471003,
45.08039808,
59.63744997,
59.31049878,
50.20024772,
59.58726253,
59.74860408,
66.07352789,
56.01179139,
56.69507585,
63.23744513,
49.01421555,
61.77862075,
65.80656562,
66.57434584,
53.80368635,
49.46057976,
38.46005622,
49.66080076,
53.76039657,
60.02297709,
52.33398029,
63.54516743,
57.61156828,
69.35878069,
62.08892663,
49.1297315,
63.33986437,
68.07800983,
55.66255989,
61.14206888,
60.13502581,
73.59702856,
55.25970574,
61.38688551,
58.94763929,
53.42245665,
61.48190572,
57.32752676,
51.44876976,
68.08846536,
64.17107355,
53.35527007,
56.0407868,
62.55958624,
62.81532237,
51.88177533,
69.87799798,
69.7711381,
61.1354927,
56.7583709,
58.81132942,
49.00711626,
55.97469075,
77.30581741,
57.81583208,
58.2206164,
61.81939979,
52.53660059,
59.70407033,
66.97455969,
62.45192739,
73.9774615,
66.30668994,
52.00649081,
49.28044155,
57.46352349,
65.58427238,
60.62864374,
57.82795323,
71.80955037,
52.63333817,
69.11233502,
59.2379955,
61.7969869,
53.13246853,
48.55504785,
53.25419389,
55.23215604,
49.77694897,
55.72336417,
61.22810544,
64.16846976,
59.82134915,
75.14139543,
55.25219149,
71.56302164,
52.0035987,
61.33594482,
59.20073269,
63.98926956,
64.4879239,
61.97992435,
62.30865749,
53.91635623,
55.80033067,
61.44672391,
58.54665005,
64.53766311,
56.341251,
69.15437567,
41.47978167,
54.74398737,
57.71241891,
58.77370235,
64.79381604,
58.65643764,
63.83040531,
64.9609029,
60.35180828,
47.74808365,
60.19283092,
65.56369214,
57.89836728,
58.7337723,
52.11635618,
53.90676045,
56.17710349,
52.7392302,
69.53626877,
58.3915191,
57.11508042,
60.73190517,
53.70450644,
69.77963463,
67.93408728,
71.7683673,
56.29714178,
63.38295503,
56.696371,
65.19869033,
59.49519395,
60.80910292,
42.83766391,
61.32690465,
50.70685982,
60.64759879,
64.03935702,
62.42630294,
53.81927015,
52.73394707,
51.10907512,
63.43112744,
60.58154736,
61.0114036,
55.83925508,
55.82856373,
67.18951557,
65.9754863,
58.45667344,
61.0174672,
57.45754562,
57.48242953,
55.45055119,
60.89124221,
66.34586536,
58.9870947,
54.42434606,
55.68781886,
65.80867005,
76.09170542,
62.21250347,
65.86230473,
55.91094734,
66.11715174,
58.02453803,
57.91230644,
62.04805641,
63.26591751,
58.35405757,
63.85226164,
60.32372418,
63.61098789,
67.09620652,
54.6366317,
54.13172062,
63.50447568,
63.82713104,
53.569419,
65.41123537,
56.67499764,
64.35854314,
64.57441057,
48.45246223,
79.57334888,
47.34945442,
57.73840502,
54.84641959,
59.27712186,
47.5446684,
53.43703083,
55.88917169,
57.03484665,
57.92455423,
53.47649056,
60.42094465,
55.57552993,
48.57475988,
50.82282657,
60.81422066,
61.5519236,
48.71132116,
59.12862139,
67.52063295,
50.71212516,
58.05748748,
66.20857083,
54.55032712,
49.99327927,
79.67124025,
62.24552376,
60.51440892,
52.95553427,
55.76671665,
53.73630423,
52.74738937,
52.52228343,
65.79251492,
53.93598417,
68.78229308,
58.68395041,
56.80712641,
57.94613356,
58.62912748,
53.60781409,
62.5709712,
58.80910727,
57.89370121,
62.80190785,
65.66561557,
42.63159622,
44.44079392,
59.83243685,
60.60251845,
59.06903957,
53.64507481,
68.61531183,
51.40537638,
65.11701959,
56.08532595,
57.89527223,
60.85941704,
51.13527079,
52.20475336,
66.35968896,
57.42729402,
49.50198874,
67.88010948,
57.48207439,
67.02544487,
69.05862426,
59.46331196,
72.16506615,
57.4035609,
52.6929415,
54.39833406,
53.97489572,
64.35162223,
59.06496613,
52.08893862,
43.72142965,
53.69684888,
61.24616371,
60.72503318,
62.13214351,
58.47553702,
54.44541335,
64.29698254,
59.76922073,
54.69449197,
54.70849241,
69.3439049,
60.14502182,
64.63518786,
59.66973852,
60.10721347,
57.45614768,
67.03484439,
65.26595492,
66.01935279,
64.70717274,
65.3147836,
60.03502397,
59.14222346,
78.40407061,
47.19588836,
70.95433501,
61.13016743,
63.05594575,
59.76285213,
58.84695142,
60.03984513,
71.220039,
52.21130709,
62.60312893,
66.7618146,
50.61618664,
53.48028437,
55.53324304,
70.03236701,
54.55684199,
60.97507361,
58.93013968,
61.59272907,
77.7369424,
55.47895501,
58.66348867,
48.08952371,
61.91520236,
57.02566178,
60.70035183,
60.38417595,
57.09029385,
64.20822971,
71.13972412,
62.46435734,
65.2796586,
57.66655229,
49.73831504,
54.1592869,
54.44311295,
70.0237459,
61.68764849,
52.03891758,
50.07544641,
55.57647056,
62.74951078,
60.57615427,
50.56644431,
55.10608288,
52.00289009,
53.97318567,
61.46093459,
54.15948497,
55.24768128,
57.65393275,
54.91481046,
64.02812492,
62.8565136,
59.50215969,
50.23373155,
59.71131039,
68.58069027,
67.67542218,
55.93151801,
55.12356841,
59.8129996,
49.67340936,
62.68709556,
69.71275789,
53.95641308,
59.60577809,
54.24795556,
56.72748415,
62.01291266,
58.56958401,
51.45222372,
69.46682584,
57.12602362,
70.41557019,
61.74782032,
63.51735231,
59.17836768,
77.67924968,
57.21183635,
59.49008616,
49.06175453,
61.33271828,
53.29589026,
66.23655792,
50.3753423,
48.32537686,
48.72646943,
54.94709097,
63.88366673,
59.03513692,
69.26127515,
42.66467709,
67.64342523,
58.72669221,
55.16728245,
59.37535986,
75.12427331,
56.70722809,
57.83255026,
60.14830682,
65.13199171,
56.66198494,
53.92393425,
55.21190586,
64.75490659,
49.5626826,
66.21158274,
66.47202942,
50.77161412,
56.7440194,
62.85522399,
54.2731965,
60.34058234,
63.59340978,
69.39709383,
58.3654464,
62.3653028,
57.16584672,
56.82506107,
68.06832268,
62.92616834,
62.95701019,
57.97449221,
60.92280558,
51.84863164,
71.21457306,
72.37683114,
52.66201411,
68.43826911,
76.80165329,
73.62427333,
63.56003227,
52.04449966,
63.54953417,
56.91149764,
57.05040392,
58.1131296,
52.00623819,
61.54100214,
55.54075147,
53.20117523,
53.59054688,
64.69990472,
65.51473204,
55.15107975,
59.97561157,
50.08675851,
64.44630395,
60.19372617,
55.9542346,
57.58863834,
68.15340281,
52.12126143,
55.96419083,
57.28189601,
66.93431666,
49.91491937,
61.09542013,
58.30068294,
57.7938739,
53.5599234,
60.0287427,
58.24668758,
58.11987213,
68.44928641,
63.24457566,
71.50788788,
56.1072314,
47.89301033,
44.3931658,
65.38977304,
62.71298762,
52.55970484,
67.46126325,
61.22230188,
61.85104367,
57.86279887,
57.83320579,
58.63405463,
57.81135029,
67.33922716,
51.62549165,
60.84072274,
44.78347326,
51.50635555,
56.17155903,
51.11859372,
61.20854963,
74.24764607,
59.1334849,
59.56025082,
52.14549254,
48.21962879,
62.71657462,
55.73134475,
57.83556711,
68.20735234,
62.76917878,
62.29562625,
63.91401733,
59.55735792,
59.83503649,
61.23187585,
66.24417593,
60.63328675,
62.39584337,
55.7065511,
60.5812946,
54.15497989,
56.37309025,
43.87764429,
60.78245739,
73.37760747,
51.07907384,
51.77777461,
69.29494354,
59.23571287,
59.99533404,
67.90757172,
56.69240333,
51.07029667,
64.42170072,
56.47370063,
61.09296118,
49.47445139,
67.47932053,
57.29001229,
63.33254703,
59.21719188,
66.40015512,
61.73836235,
56.84510893,
62.63471155,
62.99154922,
50.35209192,
80.94319079,
57.03361572,
59.32277741,
65.75797902,
59.26988014,
61.43073906,
59.82624031,
63.46178007,
65.67095869,
51.65001059,
70.77302101,
59.28774081,
57.97746158,
61.04917677,
57.52363991,
58.93501013,
63.68683902,
51.84972601,
47.7654567,
48.68419253,
65.98117067,
61.82353676,
58.87421219,
65.73976767,
68.86237356,
69.122778,
58.54700159,
65.06509484,
52.97175075,
69.45914472,
56.16853516,
58.40472472,
60.3742094,
58.2571861,
56.60758299,
62.39428524,
61.20838073,
58.8320225,
57.15073805,
58.59681561,
64.83698998,
76.10928235,
57.87420872,
56.63324843,
56.00875138,
56.66729321,
70.25109691,
55.689613,
61.9413917,
45.8739189,
70.2761857,
64.02830839,
57.49767447,
56.91481516,
73.8295701,
62.5977668,
55.85076939,
60.69416386,
57.89127743,
56.97593407,
72.68671782,
66.39769855,
73.98548147,
58.43186656,
54.5462124,
70.79610572,
57.38857448,
60.77159559,
53.61679877,
59.91615049,
53.47984172,
57.66434271,
56.58667023,
57.72955113,
64.08948958,
55.9157278,
76.53667481,
75.75799037,
54.51220699,
47.41280101,
59.03595516,
61.12154072,
53.48702182,
50.75089117,
59.02770656,
59.32710533,
60.56799012,
67.94220288,
57.87557858,
64.34900265,
54.83667546,
63.65238992,
59.11344137,
67.56019274,
60.55365314,
55.81191233,
57.49325033,
57.12462984,
59.70543742,
61.7975194,
48.24892011,
57.70419132,
57.10890999,
65.21656349,
55.94772143,
56.70579668,
54.84478236,
61.85801235,
51.65847338,
52.91758995,
62.21796777,
56.72523005,
51.55140479,
51.41510139,
66.54546817,
59.34163734,
61.75424313,
62.04892719,
55.1763305,
52.33900972,
64.60983079,
61.89006948,
67.33193052,
55.28874589,
61.9464369,
56.14212591,
52.16367338,
60.89095352,
60.92081932,
61.12502511,
62.67225239,
52.88823541,
60.18625972,
62.21279571,
61.3621684,
47.32499324,
57.15658218,
54.28136709,
46.56914707,
63.16470623,
57.27614156,
62.29574315,
58.11448909,
60.22301948,
55.55599673,
61.71733175,
55.52064876,
59.13445425,
55.07752045,
62.50962606,
47.6364468,
59.74013483,
62.74890584,
61.23148044,
58.08747453,
57.79013631,
55.51530207,
49.83527046,
69.93036792,
61.7790145,
56.45446697,
48.32258231,
52.82770728,
56.54463613,
61.01108832,
57.91454813,
57.05605408,
51.07542194,
60.17687396,
47.09767348,
56.15867629,
70.33871887,
55.91647083,
55.61499645,
60.05699522,
53.78201704,
69.88573286,
73.29837108,
58.44656132,
57.39581948,
67.26448443,
64.92175288,
60.16481635,
64.49698598,
55.81318889,
62.33174381,
57.2604761,
64.19472593,
47.59741402,
58.8464797,
53.48606039,
55.80405244,
57.40142337,
61.25843828,
68.29958627,
59.50350766,
52.98931118,
56.51833992,
56.49771313,
60.86681229,
55.22209822,
75.24735013,
61.47769178,
71.68063968,
49.15809321,
51.35335769,
69.01240189,
60.6611447,
68.75667274,
59.28913161,
51.90044131,
51.7764175,
64.94768981,
48.9217017,
57.83804465,
67.0632165,
66.83114145,
52.69571946,
58.55674344,
55.94503526,
51.23519138,
53.97074621,
49.9483196,
59.72787976,
56.27149753,
58.39116057,
65.23039388,
81.46381472,
55.70273482,
54.06452691,
59.34394054,
60.46254717,
65.70420316,
59.00293087,
68.7936714,
63.74084403,
60.30881711,
53.78553354,
53.67536781,
60.50630051,
59.20049024,
54.83166152,
55.68147292,
51.7900908,
55.45539575,
58.95187184,
57.43851187,
65.27809763,
60.39751679,
62.81963,
52.43774404,
66.41739869,
48.29631681,
61.52445275,
53.92723002,
68.96274728,
60.59789321,
66.29934333,
59.49101883,
60.33643397,
51.6375551,
67.69912788,
57.88914257,
58.77969489,
55.56878387,
61.93078394,
62.0196041,
67.77544145,
44.47689606,
68.5173967,
54.79293164,
61.59322255,
65.39386952,
56.85579957,
54.65081716,
62.978356,
45.48964988,
57.65123486,
48.70885754,
52.97034646,
60.87548047,
59.8994219,
57.74156383,
57.16252551,
47.91672878,
55.95551918,
62.89051456,
65.81744174,
61.98451553,
60.12604727,
70.38698812,
63.56014122,
67.35689872,
43.00988808,
63.89091923,
53.80449585,
46.89133754,
56.26501501,
53.60056216,
56.88974348,
47.79220565,
53.35992693,
55.10647264,
63.42273961,
65.46639939,
55.53320696,
53.4621319,
54.46107815,
65.96022354,
55.52108112,
55.79736827,
57.56221185,
68.07600587,
80.63529732,
67.7353481,
56.69058275,
59.8551566,
66.14177056,
65.01674028,
63.35448653,
62.21906316,
54.8651759,
49.93186336,
56.55898321,
52.22558791,
75.97417679,
66.41558172,
66.47369458,
71.95589286,
71.56136731,
62.58602299,
65.29200942,
54.7835432,
52.89853312,
46.2411254,
51.6401204,
52.03810923,
76.96159932,
72.6527142,
53.99239308,
59.11921225,
61.72175292,
68.31775553,
56.79055542,
58.01493404,
72.85210366,
61.07545869,
51.92547813,
61.62616506,
54.73159767,
53.86363002,
59.76393352,
58.01371059,
60.51339084,
53.89327454,
67.76383503,
66.05770724,
62.28818958,
55.42196203,
56.88992773,
60.93541752,
63.35578685,
55.73627234,
62.88573781,
61.13552777,
61.29185297,
70.89465225,
68.8273986,
65.1297107,
64.62685888,
58.71904387,
62.56792768,
54.86609333,
50.60262029,
63.86153503,
59.05120736,
57.38070385,
53.94433598,
71.01623234,
66.16616708,
60.15366505,
70.75355004,
69.62872932,
59.94928174,
62.15384867,
58.67844779,
63.36122748,
62.96412709,
55.69756345,
55.17725319,
59.59574548,
60.04883616,
53.02930055,
50.19202868,
63.12737307,
47.70182455,
67.73338786,
52.51707971,
60.53569381,
65.41566985,
61.47064209,
58.36212764,
57.03706378,
45.49978076,
54.89453452,
54.97967111,
68.04762353,
52.3042407,
55.31599064,
55.12818166,
50.00591607,
54.18339874,
52.0154519,
60.24926209,
47.65645652,
55.47120666,
63.86692428,
57.16187182,
65.09801666,
68.28206808,
53.03801486,
66.65895198,
68.123989,
57.72211467,
67.11251416,
60.71344795,
48.85500786,
56.07878482,
64.80579335,
65.44267528,
58.43639329,
57.50946865,
62.62033502,
59.38190556,
60.56510896,
69.85601527,
54.6050219,
54.85161456,
63.62126652,
51.2649967,
55.10257237,
48.35774892,
62.34444669,
60.23522283,
61.82443711,
58.89864313,
61.82130484,
59.14416549,
57.29370806,
56.1465436,
59.93026583,
54.58142082,
61.56507612,
53.90119623,
54.8241084,
47.82189777,
65.51908301,
67.90685491,
59.01764982,
68.7612157,
50.52554282,
56.10172868,
55.31595409,
53.09426258,
56.41758049,
57.29192091,
62.86949812,
67.80473485,
61.2201602,
59.63203291,
59.96102322,
50.8788933,
59.66671508,
54.18780656,
62.70937073,
67.87263099,
48.21756508,
71.03791082,
53.27643326,
50.1952741,
56.97918103,
62.93700983,
51.59832161,
51.27119588,
61.46701131,
56.44840493,
59.70335838,
59.46326031,
67.58706655,
52.06895814,
70.44952451,
67.48032762,
57.63058452,
62.91247533,
58.00390462,
55.81536523,
64.84430161,
59.81500262,
58.47958911,
72.21836088,
65.80314816,
59.06002006,
60.71116152,
61.34624534,
64.71401262,
56.3301732,
68.86665772,
51.21583666,
71.20990117,
57.18435936,
61.99759606,
56.80610839,
44.87586334,
63.49103754,
59.37283555,
61.7668491,
54.73820711,
55.78145466,
62.32828934,
60.23616217,
54.79366717,
63.93494556,
77.22329534,
56.67976201,
64.58725857,
54.6101265,
57.64462752,
56.34629604,
68.70224055,
63.94329331,
60.85278607,
56.2973543,
68.71405721,
58.45752917,
58.07968898,
57.10060903,
68.00553595,
53.42479043,
69.51298022,
64.50897496,
60.27434984,
71.88459162,
66.04719255,
58.12611969,
58.84618763,
66.29193471,
59.58976333,
58.95191617,
51.53106262,
58.52122868,
59.6957783,
64.37274474,
62.89029862,
59.44981198,
63.93557112,
70.73789784,
72.81843265,
56.70678027,
57.48251287,
57.671846,
58.87228704,
56.57108948,
58.60815428,
61.37778545,
63.74108126,
58.71158007,
56.78383567,
55.27292715,
75.32127111,
63.70787909,
57.67162634,
57.60441459,
55.47804672,
58.41328371,
59.60556604,
64.7453125,
61.12161358,
63.63077769,
61.09925436,
66.95197736,
66.60052315,
63.51381456,
56.04375414,
51.88357449,
68.97494435,
58.72487396,
60.03128381,
55.99841862,
52.26844795,
49.29156516,
56.76010394,
59.99562058,
65.03704051,
67.4162565,
54.37951744,
55.663392,
48.93555858,
63.03750333,
75.29958602,
55.24780208,
72.7207264,
56.67226517,
58.24693478,
47.9651704,
59.2089324,
61.76466978,
43.92261929,
62.63459329,
54.45772141,
55.81043091,
53.98489325,
61.59555932,
61.05622809,
45.52147919,
62.36344427,
68.40504694,
52.6395513,
65.37773889,
60.75764319,
65.1348534,
60.04785447,
56.6941905,
61.87103942,
65.25401428,
59.47389737,
67.49442549,
58.31112075,
53.2417443,
61.18074965,
63.74008319,
51.9874981,
65.99474316,
57.07767709,
52.93981672,
53.93311542,
63.9269764,
78.68252994,
53.71633111,
66.69594369,
59.49122411,
60.55154068,
61.65416052,
47.45701637,
65.72037914,
69.31327201,
58.45225637,
74.00966031,
52.02538979,
61.26915998,
48.81202554,
61.2368201,
62.05568375,
58.23001987,
58.74330049,
49.02184524,
70.45327894,
62.80392321,
54.24425365,
62.41500193,
58.07155833,
64.79118103,
52.26665702,
65.82516204,
62.05580857,
59.21927354,
62.14996752,
51.21189486,
59.82884843,
64.9849744,
64.06202902,
60.22091794,
69.91652284,
70.55612645,
62.2749098,
54.13409945,
61.9013607,
62.14295382,
61.60517297,
57.26274739,
66.14386507,
56.30521373,
58.27301534,
62.26463544,
53.12050647,
68.68369485,
56.32141413,
54.94694685,
52.17949199,
43.92417316,
49.53571329,
61.0556023,
60.28646612,
59.2763482,
59.75788778,
65.2570213,
59.64048726,
60.05214494,
53.9950356,
59.42723329,
47.47774444,
66.93321259,
58.29222908,
53.6067354,
49.93548321,
59.5369984,
51.91758444,
49.02737931,
57.40343187,
59.39365055,
63.57507027,
60.05502675,
51.13760455,
54.0802682,
53.72298843,
58.76068953,
56.93929964,
65.65888414,
64.40724081,
52.07273613,
59.2505925,
67.88761704,
54.52373309,
50.31170636,
54.82164329,
61.54200637,
56.99832106,
62.60940363,
66.57702444,
65.39380006,
67.40684717,
62.94103742,
60.93979686,
50.63764657,
55.05959142,
51.59271747,
62.18443772,
68.79322355,
57.27744939,
69.1511083,
56.75347039,
57.10869809,
52.24874629,
47.10491153,
61.50767161,
58.30173458,
50.99124984,
57.01969077,
70.47175123,
57.27434267,
50.97256357,
57.1935821,
62.34910808,
62.28099724,
59.24160625,
65.35118681,
56.51581542,
50.66229528,
49.49679544,
63.10562086,
58.51305472,
62.03711602,
59.77239888,
60.47991768,
55.60740998,
64.32325238,
47.82555123,
56.72295735,
51.50737585,
54.69233615,
55.71104988,
64.45280413,
53.09252508,
59.48097442,
55.73117463,
56.22522397,
56.5759877,
57.47777533,
60.98432632,
50.53440959,
62.85263091,
58.41996678,
71.99136943,
47.66300052,
66.60206482,
56.60151591,
71.17354727,
52.74024178,
54.12727228,
60.10780413,
55.12349531,
56.26934955,
59.02538369,
56.21931844,
59.9249328,
55.91069245,
66.53724163,
58.46607349,
62.0183733,
63.2790229,
58.95646612,
62.97894082,
66.3876766,
58.75253794,
62.37981402,
55.69149219,
56.6170099,
69.21613707,
54.8752886,
61.72323035,
57.17825383,
58.35562906,
52.64455962,
54.70838814,
59.61578154,
66.43529212,
54.43829455,
44.60045302,
58.37018072,
49.06502942,
60.58264741,
66.37872691,
55.77967407,
56.18001695,
62.63701475,
58.31706853,
65.04749388,
60.44604148,
59.00166476,
54.49489321,
59.07464716,
63.45872748,
53.83231011,
53.53506809,
67.12015959,
55.07822232,
59.7145892,
66.74412573,
61.9966177,
54.14720235,
74.70576396,
62.79310856,
58.3067579,
57.51781483,
71.71191545,
62.91685853,
59.27142375,
57.21118792,
58.21804835,
54.91104136,
63.51335789,
62.35956187,
59.96789406,
63.0960427,
57.52923447,
66.96031143,
65.44399134,
56.86179498,
62.15635281,
55.53298523,
56.551378,
62.26895986,
61.2394495,
57.35657242,
57.75101544,
55.90446635,
54.89519419,
68.60574642,
60.18152715,
72.31676163,
56.34054256,
71.10167938,
64.20326914,
68.21901206,
67.45265658,
63.76453778,
46.74639639,
72.33175914,
55.04963071,
48.96962238,
68.58208179,
55.96723191,
67.59297123,
59.35496906,
60.07298839,
65.94806893,
59.09804009,
60.18513403,
58.93809597,
67.03720511,
49.80536731,
69.0099948,
66.44121917,
54.55851096,
58.23584243,
55.46314898,
50.290602,
59.40242456,
57.75664756,
52.40917353,
75.44412209,
69.04242139,
51.23299622,
66.71271647,
55.65471003,
59.1714171,
60.32053125,
52.59935189,
59.42246934,
58.38496229,
66.00426846,
53.21001985,
56.39355632,
57.1329127,
49.25680716,
61.89900745,
57.07525415,
55.57721134,
68.86073008,
60.41648014,
59.28644326,
54.54223925,
74.94980237,
64.96634089,
58.04643714,
58.09639411,
58.13350113,
54.04561373,
65.71436142,
53.97366971,
52.31115388,
56.21754273,
56.40748467,
57.24355557,
48.59529312,
53.28843441,
56.64305281,
55.45288716,
53.93653917,
55.73902727,
64.77784847,
58.60481974,
59.61768103,
58.43800516,
59.36210972,
56.37197968,
57.88565295,
57.87409624,
69.68705736,
56.66833794,
72.95977961,
59.42912274,
65.59291982,
66.95175345,
58.11644901,
51.15889024,
54.88189188,
59.60143223,
58.47832285,
53.92933325,
61.54736546,
65.12749461,
50.47254988,
66.82406221,
59.24537572,
48.69296564,
56.7252183,
60.43992702,
63.79865385,
56.86802907,
65.18997031,
56.13342495,
67.53634616,
63.22432989,
57.1158278,
66.21506517,
58.8442062,
60.00121432,
54.81270445,
57.41693376,
60.11440795,
66.67343619,
74.20636358,
64.39058168,
62.75606225,
61.63646472,
60.30797486,
58.56931188,
62.43149808,
48.67923814,
56.85014073,
60.97219272,
55.4244154,
56.04208184,
59.9494335,
64.42763032,
50.62064161,
63.38855187,
55.9656576,
64.96697787,
51.74212838,
60.18641743,
63.16244251,
62.25292633,
64.37283898,
68.68146062,
60.56216519,
55.14599576,
49.25059535,
61.1921049,
58.04758618,
57.35910672,
62.57789635,
57.58598989,
62.09194298,
62.81178302,
60.06807447,
61.73884357,
59.64885772,
52.21128791,
60.64857917,
64.87818332,
72.96266428,
49.43763492,
55.6394539,
57.71984716,
66.59333509,
60.90472107,
62.9396889,
56.79301417,
63.64320947,
46.51308692,
62.37272227,
57.63940875,
66.19146219,
53.48449932,
61.88028367,
61.12685495,
60.25156539,
59.5534671,
69.0741935,
55.7631771,
56.3193833,
54.96297635,
54.33667719,
57.13504874,
57.59442971,
55.04453667,
61.81564267,
58.74433206,
58.05163341,
54.91473211,
62.95659918,
52.4921582,
67.44284911,
56.43508331,
57.75492961,
69.82726281,
61.71833234,
66.19411765,
64.83539123,
58.91448387,
59.10785834,
65.22594837,
58.82046532,
58.019479,
56.31491557,
58.04223425,
61.375515,
57.16281659,
53.45951103,
64.59563587,
54.74993872,
61.06595517,
60.08250106,
53.67343756,
54.06150712,
52.63583547,
59.02893764,
61.08077586,
53.90882344,
63.17340882,
64.81015589,
53.36243965,
54.61678208,
56.38323706,
56.50303723,
57.49204328,
60.92685218,
58.60323243,
46.49993848,
69.61152943,
57.56069911,
63.08284929,
67.87857556,
61.15089732,
45.2338965,
53.89739722,
56.96590069,
64.77012765,
46.53955914,
56.61500107,
56.47483745,
49.99566368,
56.7478166,
52.92771581,
54.07733918,
52.46505202,
47.77197076,
60.94423166,
53.29742074,
66.12559467,
61.34469228,
61.19191887,
49.57069696,
74.91363625,
57.32407425,
58.86472766,
54.4113476,
64.96293135,
62.20741117,
63.05771472,
54.39220862,
71.14767225,
64.57660667,
49.68941478,
62.17591942,
56.26603612,
70.89116812,
65.1529747,
59.23906609,
60.85052757,
60.19449121,
74.95898137,
52.46772686,
56.75753276,
62.10522045,
53.86036645,
59.35562904,
71.56395704,
72.25485138,
56.27842397,
58.49260463,
58.89190824,
59.99575497,
71.63873705,
53.51405931,
65.48111114,
60.82304777,
64.32531506,
54.6695862,
59.58801726,
60.47819839,
60.79015609,
54.3167559,
54.50264287,
63.76087777,
57.56626038,
61.76608918,
84.74669643,
57.63687809,
71.15626681,
54.16522101,
65.66210577,
63.44261899,
60.71837493,
61.26998399,
54.14491733,
62.74129776,
58.92924827,
55.58970958,
57.11387679,
76.16938211,
61.14852478,
45.50370671,
54.25272379,
74.94324476,
72.09009248,
55.40838262,
55.04154838,
51.93523067,
57.85964233,
59.50250128,
58.43679564,
58.24493088,
50.27044115,
58.68627017,
59.45804797,
65.5395927,
58.17114538,
51.85263707,
60.24732136,
69.33485598,
66.70543434,
56.63394267,
62.5565345,
48.76350343,
62.84783767,
56.64667924,
54.8105735,
58.52352461,
62.7017483,
60.48282719,
54.27660482,
57.88312629,
52.65376919,
56.38566832,
70.05245335,
69.75661988,
51.42721787,
60.71667712,
66.0256646,
64.28061571,
53.37252846,
60.75872841,
59.49610218,
60.05800707,
56.3952024,
72.44230953,
71.93560505,
55.29507805,
64.14028773,
64.63416521,
75.35223672,
53.11322043,
72.93492218,
60.05456716,
51.14088889,
66.01157085,
59.47184651,
58.59416978,
56.60603652,
53.57947371,
63.9694583,
60.61513007,
62.16620694,
62.97735265,
60.79192287,
60.60456267,
52.35363964,
55.82051385,
70.34700287,
59.5601135,
64.05733605,
64.10788755,
62.79110963,
54.05073457,
56.1428538,
55.12520862,
64.54382643,
67.06870391,
59.81265234,
59.95956655,
61.5982485,
55.80311555,
55.40850614,
58.00411673,
53.11234609,
66.2153653,
55.24894389,
58.89553315,
57.18780508,
54.83384022,
62.21652586,
61.56587751,
64.2077952,
67.91269922,
73.80735685,
55.65572118,
54.17452438,
66.02814251,
43.66785412,
55.86475907,
60.95263108,
50.89771402,
51.32526003,
54.87190896,
65.90456023,
59.51975206,
53.07443246,
65.25756894,
60.09701848,
62.48455251,
65.91299234,
49.86570968,
66.43656657,
63.23501298,
69.6219413,
55.27730806,
57.32615897,
58.30897417,
55.72956228,
70.98676373,
53.10801686,
52.193362,
60.5776759,
56.73283279,
66.19870325,
49.41390072,
65.32087481,
52.72452794,
65.25897222,
60.11978314,
65.76496459,
59.13920104,
55.90048829,
59.04379833,
65.74810089,
60.01151375,
62.19829717,
49.98806218,
58.49936467,
57.60629054,
57.04089115,
51.96574576,
53.9192208,
58.34026563,
57.09687037,
58.05839206,
71.49671625,
54.52273699,
58.00882297,
59.66960886,
61.62124886,
63.29650372,
64.28899776,
63.05687022,
61.66592321,
64.84938433,
62.27455413,
59.99374895,
56.90481429,
60.63720951,
53.38834417,
60.28854637,
68.22464656,
57.86659434,
50.69879089,
68.90568287,
59.52384671,
64.62936598,
54.63773034,
53.53534557,
61.8740614,
61.83959584,
57.78719622,
56.45717008,
51.40479584,
55.15913721,
61.8693173,
62.46269227,
65.2221133,
62.79366427,
43.3733299,
50.1167498,
62.69667289,
66.16966296,
58.20705166,
59.55809184,
68.70999282,
72.6438696,
67.70577791,
62.60853261,
66.32695752,
63.71378153,
63.18539966,
63.5020429,
58.38439857,
62.88421771,
58.9629939,
48.6352631,
69.67665592,
55.37705704,
43.06422554,
54.09344353,
58.39349732,
53.42602976,
73.37481804,
60.17280445,
56.67808076,
51.65324491,
69.20414019,
49.49095999,
54.48584853,
61.50198538,
56.53244199,
65.74140327,
56.66308042,
47.87515139,
68.46996416,
63.86406531,
67.5579997,
52.44327554,
53.77996991,
58.08262839,
64.97447401,
67.27934262,
48.23226026,
53.3333185,
65.11244139,
67.82971069,
59.49112863,
53.43614727,
61.6092123,
62.94164946,
57.93120352,
46.9177192,
48.48976727,
56.66921799,
65.68498578,
53.68007581,
57.65202954,
57.55025286,
58.6571495,
59.34402529,
74.25905392,
53.46458708,
62.42058451,
46.17098232,
71.04341004,
64.67679321,
62.99102399,
74.36626488,
51.19148779,
45.26982952,
52.9305999,
53.14455289,
53.6548072,
58.78544802,
51.00707546,
59.9124333,
61.41735197,
54.88044088,
60.10085413,
65.18536792,
60.67306998,
63.55288861,
62.2275692,
56.38328476,
68.36811701,
66.98913508,
56.1502164,
61.77973306,
52.86467986,
63.72995021,
62.69835196,
49.12439933,
50.33962741,
52.42510195,
55.51640732,
55.03703886,
54.45381326,
71.17564597,
60.93657157,
60.44962724,
60.74007052,
61.642599,
62.05833158,
55.98712318,
58.96082571,
61.49371965,
54.28328582,
48.57946223,
58.34760758,
52.94111116,
62.61538681,
55.51728569,
62.32537657,
61.58483305,
65.59634742,
67.63812121,
68.17523646,
66.26436687,
64.22658812,
56.97293239,
57.79612314,
46.37198085,
63.12718858,
64.50473363,
57.66306527,
61.00937936,
63.95957514,
64.59592373,
56.52989679,
48.58567774,
61.00497476,
53.15171596,
64.16981721,
63.53339328,
58.13429252,
68.10174889,
61.45675427,
60.90743337,
53.79442509,
62.01860208,
59.82863778,
56.47522091,
49.12224974,
61.56656324,
59.58704331,
62.17941386,
57.93548203,
44.58228036,
55.97514119,
56.53523795,
67.63477118,
52.46503244,
59.77449026,
54.6867197,
64.07124447,
55.24321846,
62.11601511,
50.95246817,
55.78114931,
60.90103965,
59.63988931,
56.5838551,
72.47589069,
59.15391277,
50.03253333,
55.94416838,
65.58527338,
61.27242414,
63.91962567,
58.5768617,
55.7904345,
62.47734493,
66.43770725,
61.04205764,
59.0674683,
71.26104593,
65.60907027,
57.57338125,
53.3291488,
54.31311851,
64.73147129,
61.14051173,
55.61219471,
70.42322123,
61.89983347,
57.40304877,
57.65124641,
58.6100834,
59.08255483,
60.50617017,
57.94470389,
75.03600425,
54.75437451,
59.34900568,
55.73138643,
57.23354793,
73.10235943,
50.3369692,
56.72315728,
63.1256374,
59.98376507,
72.32140529,
53.42403456,
66.80972368,
57.14303985,
63.43496412,
60.87703533,
70.9886466,
60.28562491,
53.93193378,
66.24614547,
51.39855694,
51.39475314,
64.86398036,
67.1981566,
61.81296705,
53.05628736,
66.04528513,
48.15781197,
59.78863171,
60.19479482,
58.91654486,
56.9783939,
61.36332368,
51.20360744,
64.78622213,
71.60608683,
56.60079841,
66.14070193,
59.60393954,
55.94581756,
57.36221468,
59.78019939,
55.66986144,
64.60807133,
60.78048107,
56.2659415,
51.31041719,
59.18550776,
57.44447573,
57.32159705,
43.97435561,
54.21562158,
52.34599506,
56.44734334,
64.59924967,
54.05537491,
59.56646953,
54.55696199,
55.56748721,
65.13005497,
55.95610671,
57.79186963,
58.21953949,
56.90381474,
54.25010273,
63.88345916,
59.00350552,
62.03850528,
73.37830702,
60.06015443,
60.86412026,
57.80318627,
63.43915261,
45.29190422,
62.12174254,
60.13433279,
53.49814835,
58.83208415,
53.89782448,
65.31660101,
58.46756376,
48.70994744,
59.12612056,
53.16062821,
62.4278887,
56.83518266,
75.54054083,
56.76826516,
60.80120964,
68.35852288,
53.97443521,
62.1679123,
57.88528196,
56.88743254,
53.58132473,
57.14655182,
54.00479133,
55.90427818,
67.7555714,
56.35384134,
53.29674005,
50.10940771,
55.74526932,
64.03703007,
55.61236985,
70.21285501,
55.26995338,
55.32296038,
57.48456537,
48.19446687,
56.91734987,
62.56150912,
53.68658333,
60.35032573,
58.67572451,
49.73977167,
64.21226606,
59.78883559,
57.61712538,
59.60479058,
62.0426017,
59.30084795,
67.67916967,
56.28202455,
67.64906243,
62.89831293,
66.96408921,
65.25579384,
66.33089592,
49.59851254,
67.47393931,
53.29989175,
53.41640399,
63.19248057,
45.59730742,
51.98699546,
66.89403616,
59.22781546,
57.258596,
47.64935001,
45.54910787,
55.46733559,
49.31262627,
53.95223264,
66.32922971,
59.05166215,
49.32310705,
64.34235789,
62.0410309,
61.86111138,
77.89810134,
66.13234521,
69.28604897,
62.40635658,
56.13971424,
60.53636956,
62.95458861,
64.07047932,
54.86064265,
59.73706921,
50.98640148,
54.93346324,
55.17093252,
58.39436374,
55.92504388,
52.29365203,
60.84368126,
58.81648293,
66.11844307,
68.32582199,
59.76469697,
74.15401089,
51.52000474,
65.79355162,
67.45913747,
58.68641323,
60.44395351,
54.82978122,
51.70395967,
56.42546431,
58.24665021,
71.10740745,
69.93957343,
69.59850737,
49.47752183,
60.73408898,
57.85506841,
61.72716079,
59.27732742,
64.63064507,
61.81209608,
60.19141392,
74.61882233,
68.52481628,
58.81326708,
66.5026664,
59.63691041,
66.81356332,
65.41625172,
57.79084513,
50.04723679,
59.83689624,
55.40411719,
69.85801506,
64.41263369,
59.80186983,
62.63306394,
63.64501294,
58.542244,
57.94597867,
47.32935364,
52.5028746,
61.64186313,
57.6632622,
66.32349985,
57.65349535,
61.18561267,
54.47532297,
53.6480671,
59.9858772,
60.30164701,
60.22432458,
54.94575251,
59.88046017,
49.5643738,
53.39093415,
55.19741402,
50.04740558,
53.50517436,
60.70237354,
59.19587684,
63.72448435,
60.78327777,
57.99851997,
64.5149059,
70.32814447,
41.73369049,
64.39675364,
64.10035357,
56.75746075,
64.98461087,
65.40932782,
58.81800498,
60.60844437,
48.07372506,
67.67346413,
55.1918575,
63.02768746,
57.63746292,
74.07614555,
58.58520264,
67.32993684,
49.97189909,
75.87206093,
56.89320602,
56.67641343,
54.51365593,
53.50368169,
55.63863884,
52.4769245,
61.10030345,
57.46386847,
61.29431417,
68.49924196,
60.18279517,
56.17691781,
60.59639345,
65.78903145,
62.44296586,
47.58545388,
65.80046638,
57.41931457,
56.5321208,
51.76943731,
75.89738505,
61.69773257,
44.20403329,
51.35757576,
60.95405003,
55.63588501,
59.62580699,
60.70685698,
58.94606651,
64.96356018,
53.49456122,
88.18542445,
59.61051133,
53.89567284,
56.93213518,
67.29870294,
51.19955575,
63.23106022,
57.91094227,
68.11709243,
75.9115851,
55.72789321,
52.16065732,
54.93617966,
63.95580908,
69.5089667,
59.58133364,
65.20896668,
67.63088305,
48.98261838,
54.33894405,
65.61119227,
61.56950842,
62.05959645,
59.70846927,
66.40704756,
58.91594594,
54.00988785,
58.10828912,
50.82955489,
68.48223284,
50.95648246,
65.07091974,
55.87486029,
58.99363157,
70.20812647,
51.12820386,
60.50599641,
53.12256268,
52.15729738,
60.49438343,
60.74367785,
54.64382526,
54.91798424,
65.01292411,
67.27108788,
62.10161196,
55.66125322,
51.84381515,
54.14825861,
61.65861447,
54.95357259,
65.63984649,
57.7237321,
62.28851792,
53.54936276,
64.05133303,
82.06406289,
56.1746895,
63.43873026,
57.80551284,
55.24804865,
47.66183097,
64.45992344,
58.1792297,
59.09364601,
62.82742447,
57.01768255,
66.58968039,
56.98455874,
58.17385997,
59.04679717,
61.66903823,
71.48804656,
61.84855048,
59.31024095,
62.98574564,
50.97065134,
59.9914306,
58.27010047,
66.00067568,
70.87096751,
46.04607903,
68.97789359,
59.12971903,
62.51398759,
62.01906358,
47.950725,
55.18183286,
60.87442873,
63.29718769,
55.58406794,
57.32591174,
55.49336131,
58.79295978,
66.92592453,
64.27056906,
50.13852092,
65.79663041,
61.21921306,
57.32685004,
50.9816444,
61.58366048,
55.37471147,
55.32489952,
50.69731798,
74.92430355,
54.07449866,
55.24474548,
60.44555827,
77.62762374,
65.17788105,
55.13781749,
65.06961523,
65.19135893,
50.37084824,
59.56883665,
56.46859115,
61.56139724,
58.53455577,
55.95693079,
55.29220623,
52.54267823,
64.64696148,
59.38637757,
58.41888286,
53.9619119,
54.64953648,
50.1545025,
62.26905598,
54.92409107,
58.72948712,
63.63078423,
55.27749118,
61.58193339,
60.77524047,
53.03841216,
60.71188625,
58.3370299,
55.51415813,
46.3606221,
58.91192481,
52.49466483,
54.72269179,
71.32885728,
65.86212635,
65.3323831,
62.60685782,
68.21867931,
51.71634845,
52.27830303,
53.69709777,
62.68156936,
59.01731729,
52.55764243,
64.62699575,
60.7348968,
52.64165379,
57.33217543,
60.8946776,
68.30778481,
64.29652009,
55.91222894,
67.01491683,
57.83144721,
51.55722191,
53.55421666,
55.28752553,
52.88934881,
48.56130254,
68.1506738,
53.28524698,
63.10709935,
55.93929229,
67.1554743,
55.03201569,
58.80897822,
60.61718421,
51.07446372,
69.5269869,
62.72799812,
44.73832268,
55.73172987,
63.46311206,
61.15860204,
49.17194625,
59.11948447,
62.27002869,
67.05178169,
59.9217662,
62.94238245,
61.20959268,
54.31037156,
68.40740071,
59.58248506,
56.54257709,
58.99430923,
63.01444333,
57.29925573,
48.72366537,
49.3852073,
52.45012449,
59.96456282,
57.8553023,
50.30632499,
68.58694205,
67.98875532,
52.55587866,
52.98738644,
60.58680901,
52.6767318,
55.97627825,
69.52165665,
58.26686063,
50.48601568,
53.57479961,
78.85691796,
63.51560877,
57.24199721,
47.01583497,
55.86994172,
59.1195042,
64.23763788,
64.26194033,
63.70823584,
53.83598922,
57.58308971,
51.48720201,
60.11617118,
66.39646852,
49.91775953,
67.67413763,
61.88218202,
60.77468496,
58.36257951,
62.31773203,
56.58032869,
58.21420852,
53.50016934,
62.18256216,
50.36891705,
65.43922032,
80.67368024,
62.62886184,
65.63984382,
55.16005567,
56.15360734,
60.94600604,
71.6196802,
58.05760016,
65.98061286,
57.68517103,
61.14538699,
63.05050391,
58.12816271,
65.42150801,
69.69233096,
49.29220825,
65.61736068,
62.40286936,
40.92834171,
62.09754587,
60.23300592,
65.19217808,
65.26418171,
64.11121816,
63.17245166,
56.66403121,
65.11558004,
61.01909184,
65.21667273,
62.34039689,
57.24830268,
49.83312958,
62.84918195,
61.08978424,
58.19144212,
56.78049633,
59.84085401,
59.65951547,
77.56061713,
70.92388455,
59.73271074,
59.02404135,
49.65676788,
64.40233836,
67.89509753,
63.77872932,
63.37048765,
55.56000039,
58.81061865,
52.64529621,
61.24952097,
42.81389035,
53.9989683,
58.8013978,
60.34189919,
64.72653431,
65.45262465,
60.03465729,
62.15963074,
69.52514841,
57.87671325,
57.65941431,
46.22410879,
59.81059806,
49.74765428,
53.57053498,
64.83566925,
61.66119128,
61.2065972,
57.566781,
56.78802009,
56.38691977,
60.63146476,
58.1588595,
71.269333,
46.42830207,
49.07369059,
60.45891231,
52.33605094,
63.2277573,
57.62009369,
57.75437891,
53.8436302,
54.11607807,
51.70271493,
56.8952383,
67.33369956,
54.83916433,
62.54542161,
62.72521218,
59.40156608,
67.35448334,
55.87172657,
59.27005556,
60.78426702,
65.17125455,
58.11379783,
55.59320255,
57.0634696,
58.53176844,
62.58400384,
55.53362639,
53.0773576,
57.95865119,
76.00945075,
47.93692948,
59.54855893,
59.4963457,
70.19164706,
64.11394632,
52.39927697,
57.34928688,
57.45330185,
57.27225718,
55.84776944,
71.84954653,
58.96313859,
78.75295168,
59.63485848,
50.86560799,
60.09058273,
59.32846968,
65.34985569,
63.68001146,
53.94668612,
55.43221251,
68.80544336,
70.72029909,
69.58650727,
55.75585248,
67.78155084,
47.48578493,
62.54116285,
49.34575765,
65.91999217,
56.67491108,
61.68472515,
63.07385901,
64.63408117,
57.95480554,
55.52886918,
54.8024002,
69.11856368,
61.91419079,
59.4771489,
62.16507651,
69.27810535,
50.60531269,
63.36041666,
61.11977184,
57.0392052,
61.41472435,
53.78295956,
58.5383215,
61.21552903,
60.71514942,
58.35831314,
61.08622142,
56.83052218,
60.36787997,
67.30135974,
56.43396293,
45.05940843,
56.88102122,
58.80142416,
68.95413765,
56.01392608,
55.9172642,
54.53240936,
52.76850449,
57.76887192,
64.16960483,
55.79244885,
67.78836638,
47.81861844,
64.65644738,
60.4136972,
60.42464198,
61.11672453,
53.3112345,
70.66796425,
53.51197874,
65.91442681,
63.65854046,
62.47392067,
54.22349342,
51.42247942,
56.35650255,
60.65930975,
61.46547764,
60.24212983,
56.04072345,
62.80297388,
53.78815677,
57.74544873,
56.44920192,
64.5485704,
60.53601726,
64.88577247,
52.65298535,
62.24756199,
55.80871669,
54.35140869,
58.14207524,
63.85929442,
43.34915757,
68.991143,
52.1073946,
68.66550825,
63.25427171,
67.40953315,
53.95795443,
55.8691516,
55.72298597,
59.52572085,
66.68083435,
64.67776553,
67.52437606,
61.81622715,
56.72056249,
51.49058669,
67.12447447,
58.66090971,
57.98590295,
63.70467685,
64.4510646,
53.29360872,
59.08922213,
60.80926267,
63.3185777,
60.19155411,
60.58216646,
62.19938586,
67.54055868,
59.3636402,
66.08842603,
56.86180459,
60.48302014,
56.70641093,
62.40499425,
70.98616622,
59.49024281,
63.91214608,
63.23225366,
60.27395417,
63.85102498,
62.1707746,
53.7407285,
57.28462735,
57.22783439,
57.78218763,
55.8254946,
75.23893685,
57.22260247,
54.57078084,
55.15851797,
51.39128951,
52.53432775,
68.2044172,
56.04179035,
52.06987328,
68.14680191,
49.31506741,
59.42490082,
56.24004008,
60.89255003,
52.92105034,
62.9372865,
61.39109174,
65.07940046,
67.0022367,
54.80376865,
62.28081384,
62.47024318,
61.59576205,
53.19366789,
58.81682527,
53.6563886,
64.34660435,
55.6873293,
48.59018294,
44.40601404,
58.56110894,
62.96592407,
73.09269082,
50.71014686,
63.83065169,
56.7435193,
55.84235996,
58.69686375,
55.79560977,
45.62213952,
57.05539279,
67.19009067,
64.76262206,
66.04534376,
66.57077989,
60.45046645,
62.32366806,
68.72989701,
59.294584,
73.02380237,
49.76465237,
66.75414119,
66.6585494,
69.53628418,
54.66270432,
72.76377514,
55.03792907,
54.59512782,
55.6610924,
63.40668001,
72.52227377,
63.54524417,
55.95444099,
58.59386957,
50.02191905,
65.83489051,
66.00284252,
52.25195872,
66.65541304,
56.02764365,
53.42109472,
59.84377452,
59.9856027,
58.15546811,
47.39419229,
60.50627202,
52.00826601,
60.10026225,
61.60252442,
54.75365681,
59.89742167,
55.55523476,
72.22815161,
67.18446786,
59.21751866,
62.82768665,
59.26367317,
58.55435609,
51.23359793,
63.74263011,
52.64227693,
57.27862309,
47.55191461,
60.39517328,
49.52750547,
62.06483753,
55.09692525,
60.84097995,
55.81744782,
60.45931186,
60.08787297,
55.27448644,
54.24846656,
49.78265955,
64.82748848,
68.50915236,
51.88403759,
56.92836838,
47.7621613,
70.55059239,
62.37132336,
66.83711152,
52.60211224,
58.82388529,
44.06842018,
53.47326925,
62.34781409,
61.09017864,
51.94124835,
59.17421145,
60.45978918,
60.14590535,
61.15285934,
66.57348606,
50.25379718,
62.50301765,
48.89328305,
55.40138487,
66.95536149,
44.15108314,
60.64610881,
54.76272421,
64.31384887,
63.68028095,
67.5944929,
58.11683795,
71.11215999,
61.78926351,
59.67819663,
59.17795435,
68.15591977,
56.52308616,
64.53888516,
66.19211708,
47.35660357,
56.22561957,
58.86036541,
64.4522752,
70.19694997,
62.71790427,
52.32890931,
50.79712397,
67.58422657,
63.40544176,
66.19367276,
61.7781153,
63.1946074,
60.16754696,
52.61820862,
63.17866659,
61.74063708,
53.28561178,
61.73753032,
62.12530757,
59.80862633,
64.49084282,
51.79644676,
56.09784298,
56.24496312,
65.62083698,
58.46817568,
54.75753276,
65.43206871,
59.99811915,
56.79261342,
54.1841536,
53.35518963,
53.70529247,
57.2949789,
70.54194616,
63.32617425,
51.1343156,
56.34179999,
56.82644129,
62.07583666,
61.78832974,
61.47294743,
62.19757726,
51.29155633,
64.10834439,
70.89117838,
62.18428903,
67.85476617,
62.95027982,
63.79016505,
55.81680559,
52.93687742,
61.71158324,
57.90304678,
64.11155223,
55.34309919,
61.16109251,
57.24661378,
51.30711096,
51.71507579,
61.7255697,
52.53684024,
62.48917115,
60.41691843,
55.77773142,
57.70905988,
60.01391888,
62.85253591,
66.74154932,
59.93344791,
56.58594636,
45.45985269,
62.49768826,
64.27777464,
61.78763379,
59.40769068,
61.96627715,
58.63282279,
49.30570566,
50.0462238,
57.85033549,
58.58165992,
59.30234583,
63.02305958,
68.69685367,
57.96618857,
60.32967693,
56.41198468,
52.68557415,
53.18164174,
61.34882141,
64.41286785,
66.92515863,
54.26995453,
68.70005465,
66.11832543,
50.74855778,
59.41849148,
67.37165721,
68.89514232,
60.98323638,
56.3970917,
69.45930223,
52.16552075,
53.7031817,
62.10591952,
71.26108718,
55.62355366,
58.11969867,
59.71328922,
62.69059659,
51.67616614,
62.84226404,
67.59813308,
53.11432086,
61.65988059,
54.44968666,
62.08105003,
81.08696578,
51.48395451,
61.763294,
51.33337669,
64.60557728,
57.38218727,
62.21259178,
54.43760591,
61.6461091,
65.64498425,
67.02732323,
55.51205926,
49.54357442,
67.55595671,
59.59325682,
42.67299734,
79.5937453,
57.77535648,
55.56580042,
77.39711889,
62.8078828,
52.4079509,
57.73242834,
55.71254633,
55.82660119,
52.07732197,
62.31863475,
56.72700951,
60.99733688,
68.40086283,
49.97831934,
57.33954106,
54.87072333,
56.86279947,
60.33569151,
56.66099615,
50.01457283,
60.3530462,
55.8886699,
63.17244289,
80.33254913,
61.16672355,
41.00407137,
56.56332835,
59.85315045,
64.4937088,
46.95603604,
49.99183655,
60.11103228,
60.69121123,
68.02580734,
51.33234171,
56.92839819,
54.61174728,
49.30197922,
57.762208,
59.45725596,
63.60913876,
60.77126445,
51.76546858,
62.43721791,
68.93117227,
61.93570668,
59.90594953,
67.50049518,
65.53855369,
75.0655149,
52.45008054,
59.73261611,
58.55650364,
57.24184369,
54.05520699,
61.17954168,
71.68122599,
59.18461512,
69.17443442,
61.73796724,
64.57361841,
64.10553788,
60.89631158,
62.09809244,
64.62302619,
62.8623154,
68.37962648,
55.6321369,
55.2161128,
57.67870796,
60.75884557,
64.1502226,
69.36252578,
51.69192538,
47.11516881,
59.36296773,
59.90402399,
62.15836492,
67.55899502,
66.77618576,
67.57410669,
60.88878536,
61.8001272,
63.77602108,
65.90424965,
44.3266019,
47.55176255,
55.19842879,
80.29080176,
51.95924036,
56.81443234,
51.10481487,
56.40130783,
63.48431451,
51.20948973,
60.37673764,
57.25484782,
65.92221504,
60.05604261,
55.39146464,
51.19359766,
66.01975179,
67.49870447,
47.08938499,
59.88741218,
53.96910975,
66.77085246,
54.30616253,
67.56470972,
65.86397948,
61.94114693,
58.53486331,
47.00778875,
57.23618927,
61.20204409,
71.66502556,
66.98485064,
70.14723194,
63.799653,
50.75370863,
50.04183295,
59.30713043,
57.10735709,
63.76661646,
58.91276435,
56.61819978,
53.36249727,
68.52904117,
59.28472797,
59.40240796,
62.89542161,
63.41164832,
62.94595983,
65.46862133,
62.18183619,
63.40757056,
64.93175042,
67.1581059,
59.04815365,
58.26200367,
52.35533992,
61.60509443,
56.03240477,
65.95281652,
68.79020156,
60.75944472,
55.82130426,
60.36727248,
50.80571636,
71.18116621,
59.18412796,
61.29261644,
63.91583175,
58.88887011,
66.07858027,
63.20619158,
58.17725963,
62.44945741,
49.58502926,
60.4051958,
50.95067807,
51.67424389,
54.20752785,
66.54295572,
48.87091904,
55.31186335,
49.8519186,
55.62050276,
59.02235236,
66.79600396,
67.14148023,
51.58634089,
71.12008855,
58.33711769,
61.80866567,
61.08504371,
59.84646381,
57.00631517,
61.31041637,
62.50237222,
56.28409636,
69.09045608,
50.89980716,
56.78049924,
58.46820239,
59.49278627,
55.30855654,
62.31677109,
56.54199077,
52.26517812,
69.29600436,
57.56836017,
58.03113977,
57.49946323,
58.56666083,
56.55871969,
60.29135057,
67.6918613,
61.1272507,
60.65235739,
67.88607997,
53.27669698,
56.04758452,
59.91096329,
67.35049261,
47.922977,
61.29710177,
58.85862359,
70.72616424,
69.63275813,
68.36868669,
56.00262688,
69.73667599,
61.15119666,
55.87648127,
57.17076471,
50.5092332,
62.19180358,
55.05808095,
61.41575968,
64.80836968,
55.89369683,
55.63350578,
57.19852002,
71.97464969,
64.25444458,
63.68044671,
57.5646154,
62.47590949,
54.61278314,
63.94968742,
52.66535425,
58.36249764,
48.02982904,
54.8162232,
65.52805629,
56.00340539,
61.94101015,
55.28815608,
59.39244628,
54.04057498,
54.48500707,
55.16646925,
56.98931543,
72.37107764,
62.73219045,
55.32934884,
62.2877606,
56.77109459,
57.85934498,
55.38379917,
59.68939982,
64.65474249,
51.42125505,
56.94884077,
58.44181491,
54.78942206,
68.4490632,
58.66167034,
58.13538144,
58.54944633,
53.79787054,
47.657476,
51.88847208,
58.1867386,
49.64953937,
59.23854827,
69.03017545,
61.7906527,
50.56006471,
62.48144857,
56.86564514,
58.3071817,
61.99526336,
71.9381898,
58.337257,
63.03993011,
58.30092276,
55.03042675,
58.93374012,
60.15204617,
68.07119827,
65.44908008,
54.51692303,
51.09789705,
60.10179341,
63.75147155,
69.67727122,
59.99405427,
61.68166895,
61.88028617,
57.25611279,
63.6066395,
59.38695513,
61.88727334,
68.19705503,
54.96178144,
48.245515,
60.46753385,
60.76667925,
54.03324703,
59.71697671,
60.1083176,
57.91373276,
47.96975985,
53.08240351,
63.57643936,
51.00817305,
55.28022982,
63.22358384,
57.0605679,
56.65933169,
51.06700537,
55.6825595,
64.30201993,
55.30770232,
61.83653762,
47.77033461,
58.07380842,
54.71703344,
56.80008923,
49.17830037,
65.41681012,
53.82526638,
58.31485442,
59.52483838,
55.92989589,
62.14764789,
49.57432641,
57.5800407,
64.98701164,
65.06747897,
65.45668676,
57.03915606,
56.01062361,
44.62982225,
43.28602871,
60.18368642,
59.33870785,
63.63639277,
63.52593342,
54.40151473,
59.86535221,
57.98698696,
61.24090616,
66.43737053,
68.04184887,
68.20912536,
70.96088068,
59.94920046,
52.00527585,
66.68384659,
60.22063166,
45.13684271,
62.07286483,
59.69100107,
59.27072551,
56.47408538,
52.40300559,
52.49418894,
58.89280152,
62.22230382,
62.11263288,
63.81826042,
62.4327873,
60.96059991,
61.24972416,
61.59519164,
62.67889979,
57.34156511,
54.14846986,
44.33968821,
56.25853762,
59.82858987,
56.92522379,
64.56004111,
62.713202,
65.08054089,
60.43462284,
51.87141077,
57.26013802,
63.70664554,
53.59697399,
50.427485,
60.18841993,
56.22827119,
72.69927183,
53.00589631,
62.11927001,
51.98251662,
60.48959682,
55.50152385,
59.7337432,
57.79104132,
60.09378422,
58.02463336,
60.69001964,
60.40988035,
61.57414454,
58.50221823,
52.14937696,
55.61372655,
62.83081828,
70.67354299,
63.20586864,
60.44289006,
63.78342527,
57.90994796,
58.10638903,
65.18214248,
66.44733605,
53.30358406,
65.14093595,
54.60283319,
67.72661386,
58.73710045,
62.89725397,
73.27516529,
50.9757539,
63.95014418,
62.16571498,
60.33090673,
54.50595949,
62.86954662,
68.69466042,
61.75544872,
64.75615235,
64.39024661,
57.81186783,
54.0566321,
54.87975516,
51.13163621,
61.40803337,
62.0136736,
57.88740274,
60.40665963,
50.96377061,
55.06666702,
54.00657297,
57.48142543,
49.28087063,
60.13026286,
48.27906706,
56.34117457,
63.45386889,
60.09748887,
55.14858563,
60.18488158,
55.36456348,
66.6363692,
47.64373844,
50.4193838,
65.74476578,
63.92182647,
54.72242261,
55.01843812,
66.01623195,
61.38412512,
57.25169128,
59.13018194,
60.61183668,
59.71052086,
56.65538623,
51.39875108,
51.2657633,
58.06636878,
60.31891914,
60.83248683,
63.94382768,
44.55240527,
63.03675224,
61.28894181,
62.00388924,
53.53341431,
51.46060671,
61.07822071,
61.09977899,
57.98206233,
53.72642146,
51.6568264,
49.11001615,
63.86182017,
72.06845108,
64.72583502,
72.02247718,
59.69161179,
56.95184697,
56.07863017,
62.5295958,
60.40344762,
85.65349039,
57.90860579,
64.26275731,
61.4811016,
58.30389001,
56.30566155,
59.7400435,
64.8259577,
69.76162415,
56.53256763,
72.45412553,
54.48319918,
58.21573975,
66.52650065,
62.25525103,
61.20618323,
68.61059848,
59.46518197,
60.54467823,
59.05535406,
58.48572029,
58.74888493,
76.64516576,
67.26402856,
61.09569907,
48.50738441,
48.68650396,
57.98381559,
62.91646576,
52.84623837,
56.21872574,
61.12707851,
63.01105308,
72.60211879,
59.33357469,
57.65122159,
65.12606531,
71.97167137,
53.85144929,
59.0153506,
64.97186967,
58.38079608,
56.87214785,
57.55467747,
52.78507374,
52.96862933,
55.68313913,
53.1695983,
63.40155529,
52.32308127,
52.45883544,
58.42717293,
60.95080918,
63.37655021,
59.98370278,
69.36822126,
58.01171078,
65.67297313,
63.10168633,
64.27936549,
65.42841992,
58.5853717,
62.75201136,
57.85463032,
65.92974667,
66.09551767,
56.80069613,
64.12773177,
60.57691052,
61.93463683,
48.88604276,
66.70102886,
51.65177812,
70.16983438,
54.07404771,
54.23573068,
58.84830068,
57.93449078,
61.64083175,
64.1435024,
53.45229241,
69.12041731,
67.42413435,
49.60168256,
53.22622059,
64.27541264,
59.36555138,
56.85718143,
58.20433112,
58.45452447,
61.99307443,
59.46122672,
56.21179683,
59.99800441,
61.38579665,
56.83471632,
66.31380868,
48.97805137,
50.36156545,
65.28341254,
58.26357542,
60.54996221,
62.83495125,
58.10447779,
56.21447354,
55.07283022,
62.4554724,
54.93993178,
55.17672562,
55.92388025,
75.76344687,
57.19920759,
60.08783326,
53.55406757,
61.74759897,
62.81467381,
52.64787122,
69.06671767,
63.01710735,
55.28813804,
56.95842563,
62.5740931,
67.2512461,
58.52736275,
61.64695805,
65.96192504,
60.04624258,
49.989993,
53.44129124,
61.02180983,
51.99338644,
66.98557132,
68.71598989,
70.45244544,
63.79415026,
60.4262448,
74.39669478,
62.81151937,
51.8527334,
69.47019865,
55.24924965,
56.97140615,
59.00812498,
47.18560059,
59.42342377,
59.54133916,
53.99835723,
62.71106152,
62.418341,
68.22384117,
52.95655446,
59.42235496,
58.94083283,
53.50420644,
75.6551195,
57.52413531,
61.77622935,
67.17490153,
58.96923215,
57.44204371,
55.42574735,
61.99771476,
61.03925611,
63.19958626,
65.02067261,
57.48466785,
56.55037852,
49.94103858,
37.76520076,
62.64089439,
67.96077827,
53.6914221,
61.33441222,
45.32874531,
72.50138208,
65.68951148,
48.50927998,
63.45049331,
59.09299774,
56.0371623,
49.07944919,
62.66573299,
57.20494191,
60.76664741,
59.74299743,
62.79786507,
63.68312056,
55.74265582,
67.85083306,
56.32066495,
50.06659721,
50.00369389,
62.45191334,
63.23944988,
55.45250032,
58.50797825,
54.69761992,
53.75490842,
50.87100481,
60.19082633,
56.11245856,
56.66220574,
49.95164572,
62.53702404,
61.4142781,
70.06602148,
51.05767218,
62.37407517,
57.35689852,
62.45210182,
58.34665942,
59.46566998,
71.92293063,
64.77425317,
59.43362654,
64.621112,
57.88683365,
60.52530797,
57.57516734,
50.52837164,
51.87100824,
59.00716452,
71.11544585,
52.00775353,
65.22553218,
55.17169886,
51.3187929,
50.74115922,
66.75059697,
56.5090512,
66.42041692,
52.54147734,
58.51166048,
70.03491759,
56.45939151,
58.90852933,
54.3916117,
67.02571941,
61.57768318,
63.00472969,
66.12540106,
52.02343383,
46.35954356,
59.10636288,
59.07967041,
63.10303394,
66.41685887,
61.06767215,
56.72460635,
56.59749823,
56.58771101,
62.18598465,
58.89659488,
59.57089459,
58.51558103,
50.0828746,
68.50065587,
55.26201005,
49.55432848,
52.54070689,
59.77879632,
65.48275877,
57.88426562,
58.90507982,
58.65281445,
63.16511147,
54.64486739,
57.06214165,
64.82467491,
55.33187341,
60.66149491,
66.86620254,
58.31287823,
47.41229847,
66.64609701,
61.49859159,
61.48340801,
55.38352858,
56.05969809,
53.57702989,
50.31973183,
56.58593674,
71.04880762,
78.28912445,
62.54196499,
58.7227066,
62.45603177,
57.12950369,
56.16049443,
58.3325595,
64.69831516,
59.64465772,
70.24558509,
66.61711875,
60.40183001,
62.54695035,
58.63581224,
55.37175553,
62.49205341,
63.84551994,
61.13436226,
54.90664075,
52.04967134,
66.18368884,
61.90530731,
59.3397369,
55.94421684,
72.08403276,
61.83604617,
65.07269063,
56.72812101,
61.36730404,
71.85312026,
52.68159185,
54.05823725,
53.71181613,
50.53108502,
61.51792933,
48.46680223,
54.57869876,
65.72573321,
70.75762554,
51.09672473,
63.19610174,
60.67483684,
60.58600126,
53.11114475,
59.69693965,
54.41148158,
55.38945571,
63.10043307,
57.4743142,
48.41576347,
66.75338674,
57.56876779,
55.05573134,
59.08409587,
60.12720848,
52.41627055,
44.99870477,
62.33906956,
64.47237495,
50.42894277,
64.18551006,
69.87837185,
79.42484915,
64.94403665,
69.29704008,
53.75046736,
57.31569331,
56.60420013,
60.22300331,
63.44663251,
68.67562441,
67.29143898,
57.02100024,
62.08050828,
72.41849881,
62.79745935,
54.94470188,
64.0675428,
56.34972995,
51.29863429,
58.06271266,
57.58356498,
61.25267872,
60.60467832,
57.95203957,
54.28794342,
61.10911558,
65.52648526,
60.35832226,
51.52087029,
70.3250334,
63.60831077,
63.00842655,
59.45802256,
58.11869324,
60.93733909,
57.62444009,
61.22607952,
60.04977745,
62.23060681,
65.74030394,
53.39013076,
58.76538366,
58.43112233,
58.50745367,
56.47232993,
55.65490649,
60.47965036,
62.55466984,
61.5359548,
58.0531689,
51.25585453,
63.25857839,
55.33827792,
65.96041106,
47.66078603,
57.94877116,
59.24888652,
62.72604156,
56.29695584,
54.38543257,
57.05382529,
60.11137504,
62.48655991,
62.21469393,
61.99440839,
50.27069743,
61.66323767,
65.23129775,
63.83984355,
